tags,text,mentions,hashtags,id,permalink,,,,,,,,,
1,"মাকু , জিহাদি, বামাতি ও লিবার্বালদের পাশে থাকুন। ওনাদের অশৌচ চলছে এখন।",,,1.10026814836275E+018,https://twitter.com/Supradip_C/status/1100268148362747905,,,,,,,,,
1,"কোথায় ব্যান.....সবাই তো দেখে আসছে, বলছে বিজেপির টাকায় এক মাকু পলিটিকাল প্রোপোগ্যান্ডা বানিয়ে ছবির মতো কি জানি একটা জগাখিচুড়ি বানিয়েছে....মোস্ট ফালতু",,,1.09900803552623E+018,https://twitter.com/mcavoyed2/status/1099008035526230017,,,,,,,,,
1,"প্রশ্ন ফাঁস মানে কি ? পরীক্ষার আগেই কি প্রশ্ন বেরিয়ে গিয়ে ছিলো ? মাকু , কংগু, চাড্ডী রা জবাব দেবেন, @MamataOfficial good evening Pic collected from social media pic.twitter.com/HCT5C0sK7Z",@MamataOfficial,,1.09893722952991E+018,https://twitter.com/Purbachatterje5/status/1098937229529907201,,,,,,,,,
1,"হায় রে অভাগা লাস্যময়ী বাঙালী রমনী, বংশ পরিচয়ে তোমার মনে ছিল এত দ্বেষ, অথচ নামটি দেখে বলো , বাহ! বেশ বেশ ? — feeling সুন্দরী মাকু রমণীদের প্রতি উৎসর্গ করলাম।",,,1.09805159982454E+018,https://twitter.com/TanmoyKantiPaul/status/1098051599824535553,,,,,,,,,
1,শুরু হয়েছে দালালবাজারের দালালি। কাশ্মীরের ঘটনায় মানুষের মধ্যে সেনা জওয়ান দের প্রতি যে তীব্র সমর্থন আর পাপীস্থানের প্রতি যে তীব্র ধিক্কারের বন্যা দেখা যাচ্ছে তাতে সেকু- মাকু -তিনু দের মধ্যে ভয় ঢুকে গেছে। দালালবাজার তো Congi দের দালাল। ঘোলা জলে মাছ ধরতে... https://www. facebook.com/549257624/post s/10157291981987625/ …,,,1.09771356811453E+018,https://twitter.com/callsamik/status/1097713568114528257,,,,,,,,,
1,যেসব মাকু সেকুরা বলছেন যে গাড়িটা কীকরে ঢুকতে পারলো...ভিডিওটা দেখুন। শুনুন। হিন্দি সিনেমার ডায়লগ শুনে বুঝতে পারলে এটাও বুঝবেন। https://www. facebook.com/10000293716320 5/posts/2106793819428503/ …,,,1.09758747922856E+018,https://twitter.com/Indranilmaity5/status/1097587479228559368,,,,,,,,,
1,কোনো কাশ্মীরি ছাত্র কোত্থাও অবহেলিত নয়! মাকু ষড়যন্ত্র! পুলওয়ামা থেকে নজর হটানোর জন্য! ফাঁদে পা দেবেন না...,,,1.09758380859172E+018,https://twitter.com/pk1313/status/1097583808591720448,,,,,,,,,
1,"ওরে মানবদরদী মাকু সোনারা, তোদের মানবদরদ লেখা আছে সংবাদের পাতায়, লাগলে বলিস গুছিয়ে দেবো, কাঁচিতে কেটে লাগিয়ে থুতু ম‍্যানিফেষ্টোর পাতায়।",,,1.09758368978402E+018,https://twitter.com/sujeshkhan/status/1097583689784016896,,,,,,,,,
1,এবার বিধানসভা ইলেকশন কেরালায় শেষ হলে... মাকু দলটাকে ভারতবর্ষে ব্যান করা হোক! দেশ অনেক অংশে ভারত হয়ে যাবে!,,,1.09758256965727E+018,https://twitter.com/pk1313/status/1097582569657270272,,,,,,,,,
1,"তাহলে ' মাকু ' হলে সিনেমা করা যাবে না?তাহলে আপনি ' মাকু ' ডাক্তারদের কাছে যাবেন না, ' মাকু ' আইনজীবীর শরণ নেবেন না,' মাকু 'দের রিক্সা-অটোয় চড়বেন না,' মাকু 'দের থেকে জিনিস কিনবেন না? মাকু হোক কি তিনু,সিনেমা বন্ধ করার দরকার 34 বছরে পড়েনি। এত ভয়? #AnikDutta #bhabishyaterbhoot pic.twitter.com/SZWZAklD2W",,#AnikDutta #bhabishyaterbhoot,1.09738365254197E+018,https://twitter.com/Akashcal1993/status/1097383652541968384,,,,,,,,,
1,"দিদি, তুমি অনেক খারাপ কাজ করেছো.. এই অবাল মাকু গুলো কে ক্যালানো সেই খারাপ কাজের মধ্যে পড়েনা... সেলাম তোমায়!! https:// twitter.com/sManna0/status /1096410984745299968 …",,,1.09642325717814E+018,https://twitter.com/AlphaMaximus9/status/1096423257178136577,,,,,,,,,
1,"দু:খ জনক,,হতাস,,বলেই দায়িত্ব থেকে অব‍্যাহতি হতে পারা যায়,,, সেকু,,, মাকু ,,,সিধু,,, পত্রিকা,,, মাধ‍্যম,,, ,,,,,,,,,,, ঠান্ডা ঘরে বসে ইনিয়ে বিনিয়ে,,,, কাটা ছেড়া,,, কিছু আবার ধর্ণা,,, জিগনে,,,,,আন্দোলন ব‍্যাস হয়ে গেল,,,,কেল্লা ফতে,,,,,",,,1.09638311398529E+018,https://twitter.com/Krishna42962815/status/1096383113985286144,,,,,,,,,
1,"কানহাইয়া কুমার, উমর খালিদ, ফারুক আবদুল্লাহ সহ বিভিন্ন পাকদরদী বরাহ নন্দন, জঙ্গী সমর্থক সেকু মাকু নেতৃবৃন্দ ও শয়তান বুদ্ধিজীবীদেরকে বর্ডারে বেঁধে এনকাউন্টার না করা পর্যন্ত শহিদ সেনাদের আত্মা ও তাদের পরিবার শান্তি পাবেনা। বিভীষণগুলোকে আগে নিকেশ করতে হবে, তারপর Surgical strike.",,,1.09623385833114E+018,https://twitter.com/Sagkhu/status/1096233858331140096,,,,,,,,,
1,"ধর্মহীন সন্ত্রাসবাদী, আর স্পেসিফায়েড মাকু কুত্তা, রেডি হ, অনেক আখলাক একসাথে হুর পাবে।",,,1.09611214781648E+018,https://twitter.com/paulsajal/status/1096112147816480769,,,,,,,,,
1,"গ্রামীণ বাম দল বলে কিছুই নাই,বাম সনাতনীরা সব বিজেপিকে ই দিবে।কিন্তু শহুরে সেকু/ মাকু রা বাম/ তৃণমূলকে দিবে",,,1.09170331193635E+018,https://twitter.com/ani848484/status/1091703311936348162,,,,,,,,,
1,কোথায় গেলো সেকু মাকু ?যারা বলতো বিজেপি বাঙালি বিরোধী ?,,,1.08886888581254E+018,https://twitter.com/38Sumansardar/status/1088868885812543488,,,,,,,,,
1,"পশ্চিমবংগে তৃনমূলী সেকু, মাকু , জোতি ও মমতাদের জন্ম হিন্দুর ঘরে মুসলিম বীজে' সন্দেহাতীত।",,,1.08776667578353E+018,https://twitter.com/JoyantaKarmoker/status/1087766675783528448,,,,,,,,,
1,"আজ তো মোদি আর ইমরান খান ছাড়া সবাই ছিলো... ছাগু, মাকু , কঙ্গু সবার প্রতিনিধিই তো ছিলো... আজই যদি তাঁকে পিএম করে দেওয়া যেতো... :( — feeling তবে বেশ হতো !",,,1.08662938025058E+018,https://twitter.com/iamuttal/status/1086629380250583041,,,,,,,,,
1,মাকু ফেকু হটাও ভারত বাঁচাও।,,,1.08289770596432E+018,https://twitter.com/AshisSingha13/status/1082897705964318720,,,,,,,,,
0,"একবার ভেবে দেখেছেন কি, এতো জন মন্ত্রী ও প্রতিমন্ত্রী হলো, কিন্তু তাদের পিলি বা রিটার্ন পরীক্ষায় দিতে হলো না ভাবা যায়??? বাসায় রাত জেগে পড়তে হলো না তাকে, এমনকি দিতে হলো না টেবিলের নিচ দিয়ে বড় অংকের মাকু তারপরও তারা মন্ত্রী, প্রতিমন্ত্রী ভাবা যায়",,,1.08266529920219E+018,https://twitter.com/Lichpeth/status/1082665299202191362,,,,,,,,,
1,"আপনার কাজে যাওয়ার পথে কোনো মাকু বনধ মারাতে এলে নিশ্চিন্তে তার মুখ-মাথা ফাটিয়ে দিন। নিজে না পারলে পুলিশকে ডেকে বলুন ফাটিয়ে দিতে। কারণ, মোদীজির আয়ুষ্মাণ ভারত প্রকল্পে ওদের জন্য বিনামূল্যে সুচিকিৎসার ব্যবস্থা আছে।",,,1.08250549812824E+018,https://twitter.com/Supradip_C/status/1082505498128236545,,,,,,,,,
0,একটা লোকসভা কেন্দ্রের নাম বলুন যেটা থেকে নিশ্চিতভাবে জিতবেন এক ভোটে হলেও। লংমার্চ হয়েছে MP UP মহারাষ্ট্র রাজস্থান সংলগ্ন রাজ্যের কৃষকদের নিয়ে। বাংলার কৃষকরা কোন মার্চে অংশগ্রহণ করেনি। আইফোন ল্যাপটপ নিয়ে যাদবপুর প্রেসিডেন্সির মাও- মাকু ব্রিগেডের চড়ুইভাতিকে কৃষাণ মার্চ বলবেন না।,,,1.08194455883591E+018,https://twitter.com/mmondalcgr/status/1081944558835912705,,,,,,,,,
1,স্কুলে না পড়লেও যাদবপুর প্রেসিডেন্সির মাও- মাকু বাহিনীর সৌজন্যে রাস্তাঘাটে এগুলো উপভোগ করতে পারছি। pic.twitter.com/YMVzlaZZ8z,,,1.07945627594604E+018,https://twitter.com/mmondalcgr/status/1079456275946037248,,,,,,,,,
1,স্কুলে না পড়লেও যাদবপুর প্রেসিডেন্সির মাও- মাকু বাহিনীর সৌজন্যে রাস্তাঘাটে এগুলো উপভোগ করতে পারছি। pic.twitter.com/ckuFBgPC9G,,,1.07945608638031E+018,https://twitter.com/mmondalcgr/status/1079456086380310528,,,,,,,,,
1,সারা রাজ্য মিলিয়ে ভাড়া করা পাঁচ হাজার লোকের মিছিল কোন মিডিয়া দেখিয়ে এয়ার টাইম নষ্ট করবে?? যাদবপুর প্রেসিডেন্সির মাও- মাকু ব্রিগেডের আইফোন ল্যাপটপ হাতে নিয়ে যাওয়া গদ্দাররা অবশ্য স্বতঃপ্রণোদিত ভাবেই গিয়েছিল মাওবাদ মাকুবাদ প্রচার করতে।,,,1.07859939151717E+018,https://twitter.com/mmondalcgr/status/1078599391517171712,,,,,,,,,
1,যাদবপুর প্রেসিডেন্সি থেকে আইফোন ল্যাপটপ হাতে নিয়ে যাওয়া মাও- মাকু চাষীদের ফ্লপ শো। @Amartya_13 @BaitaliG @iamadwoy @arindam0205 @SaintIGNUtius @inray47 @SanchitaKundu10 @Dibyendu69 @Akashcal1993 @RaktimArnav pic.twitter.com/ay6fEJ2KH8,@Amartya_13 @BaitaliG @iamadwoy @arindam0205 @SaintIGNUtius @inray47 @SanchitaKundu10 @Dibyendu69 @Akashcal1993 @RaktimArnav,,1.07835681745605E+018,https://twitter.com/mmondalcgr/status/1078356817456050176,,,,,,,,,
1,হ্যাঁ তা ঠিক বলেছেন বিরিয়ানির পয়সা নেই ঠিকই। কিন্তু যাদবপুর প্রেসিডেন্সির মাও- মাকু আখড়া থেকে বাংলার কৃষকরা আইফোন ল্যাপটপ নিয়ে ফেসবুক লাইভ করতে করতে আন্দোলন করতে যাচ্ছে।,,,1.07827855885679E+018,https://twitter.com/mmondalcgr/status/1078278558856794112,,,,,,,,,
1,"সেকু- মাকু -পাকুদের উদারবাদ তো অনেক সহ্য করলাম, আজকের শেষ প্রশ্ন ত্রিপুরার নব্য ক্যাথলিক হিন্দুদের প্রতি:- নিজেদের ছেলে-মেয়েকে তো সান্তা বানিয়ে অনেক ঘোড়ালেন, ছবি তুলে কয়েকশো like আর comment ও বাগিয়ে নিলেন... https://www. facebook.com/10000190094806 2/posts/2398188686921139/ …",,,1.07763134615813E+018,https://twitter.com/TheUltimateDD13/status/1077631346158129153,,,,,,,,,
1,কুকথার শীর্ষে কারা বঙ্গ মাকু না বঙ্গ ফেকু ! pic.twitter.com/t50ozq2W5N,,,1.07667710177482E+018,https://twitter.com/70chatterjee/status/1076677101774823424,,,,,,,,,
1,মিথ্যা ছড়ানো কাজ মাকু দের। কেও শোনে না ওদের।,,,1.07569415854579E+018,https://twitter.com/mrittik_ank/status/1075694158545793024,,,,,,,,,
1,মাকু ফেকুরা এবার কি বলবে? @MamataOfficial @derekobrienmp @abhishekaitc @ColDiptangshu @suparnomoitra @DipankarAITC @AITCofficial @TMC_Supporters @hellorabiul @M4TMC @Jayantasengoptu @anup071254 @jago_bangla @iamSubhashalder @sobujesobuj @BalaramGiri16 @madanmitraoff pic.twitter.com/kdBW7d7sRK,@MamataOfficial @derekobrienmp @abhishekaitc @ColDiptangshu @suparnomoitra @DipankarAITC @AITCofficial @TMC_Supporters @hellorabiul @M4TMC @Jayantasengoptu @anup071254 @jago_bangla @iamSubhashalder @sobujesobuj @BalaramGiri16 @madanmitraoff,,1.07466528517137E+018,https://twitter.com/JYOTIPRAKASLOVE/status/1074665285171372034,,,,,,,,,
1,"চৈনিক লাল বীর্যজাত সেকু, মাকু , ভাম লিবেড়ালদের উদ্দেশ্যে https://www. facebook.com/10000287206975 5/posts/1758475757591476/ …",,,1.07452567885757E+018,https://twitter.com/awesomayan/status/1074525678857568257,,,,,,,,,
1,"চৈনিক লাল বীর্যজাত সেকু, মাকু , ভাম লিবেড়ালদের জন্য https://www. facebook.com/10000287206975 5/posts/1758472074258511/ …",,,1.07452448425684E+018,https://twitter.com/awesomayan/status/1074524484256837632,,,,,,,,,
1,"গণতন্ত্রের আশীর্বাদে এই সে দিনও যারা মাকু থেকে তিনু হল, কালক্রমে আবার চাড্ডী, তারাই আবার এখন তিন রাজ্যে হারার পর সবচেয়ে বেশি বিজেপি বিরোধী। হেরে যাওয়া দলগুলোর ভোটিং পার্সেন্টেজ বা জেতা সিটগুলো নিয়ে তাদের কি বক্তব্য...? জানতে মুন্চাই ফ্রান্দস।",,,1.07415622713389E+018,https://twitter.com/Shiivajipratim/status/1074156227133890560,,,,,,,,,
1,"৭দিন আগে চাড্ডি: কোথায় গেল সব সেকু মাকু ? তেলের দাম কমছে মুখ খোলে না কেন? ৫ রাজ্যের ভোটের রেজাল্টের পরেই তেলের দাম আবার বাড়া শুরু করল। চাড্ডি: হামি গরিব আদমি আছি হুজুর। যে সরকার ভোটে জেতার জন্য তেলের দাম কমাতে পারে, তারা ভোট মিটলেই তেলের দাম বাড়ায় কেন?",,,1.07315139498557E+018,https://twitter.com/bubka1992/status/1073151394985566208,,,,,,,,,
1,যাক! একটু সান্ত্বনা! উত্তরপূর্ব ভারত এখন সম্পূর্ণ কংগ্রেস আর মাকু মুক্ত! গোটা দেশটাই তাই হবে! অবশ্যই হবে...,,,1.07290324018901E+018,https://twitter.com/pk1313/status/1072903240189005825,,,,,,,,,
1,জীর্ণ শীর্ণ মাকু নিয়ে এখন বাতাসে তামাসা চালাতে আছে পুনরায় সময় একাকী।,,,1.06693776433843E+018,https://twitter.com/sirajee_ahmed/status/1066937764338429952,,,,,,,,,
1,"@SreejitDatta ঠিক ই লিখেছেন আর কবিগুরুর অতি প্রাসঙ্গিক ছত্রটিও আজকের দিনে সব সেকু মাকু দের মুখে ঝামা ঘষে দেবার জন্য যথেষ্ঠ​!! স্বজাতির সিংহাসন উচ্চ করি গড়ো, সেই সঙ্গে মনে রেখো সত্য আরো বড়ো। স্বদেশেরে চাও যদি তারো ঊর্ধ্বে ওঠো, কোরো না দেশের কাছে মানুষেরে ছোটো। https:// twitter.com/BangodeshMag/s tatus/1064847833130446848 …",@SreejitDatta,,1.06512812966726E+018,https://twitter.com/raniroyrocky/status/1065128129667260416,,,,,,,,,
1,"বিজেপি মানেই বাতেলাবাজ, ফেকু মাকু তে ভর্ত্তি একটি পার্টি। মিথ্যা প্রতিশ্রুতি দিয়ে ক্ষমতায় আসলেও ওদের সময় শেষ হয়ে এসেছে।",,,1.06276452271534E+018,https://twitter.com/hellorabiul/status/1062764522715340801,,,,,,,,,
1,"And the winner is .... ভো ভো অকালপক্ক সুকুমারমতি মাকু ও সেকু বালক বালিকাগণ, আপনাদের অবগতির জন্য জানাইতেছি যে আপনারা যতই ভাজপা নামক একটি রাজনৈতিক দলের কার্য্য কর্তাদের ""চাড্ডি"" বলিয়া উপহাস করুন অথবা তাহাদিগের... https://www. facebook.com/12824568385721 0/posts/2403192699695819/ …",,,1.06178199372422E+018,https://twitter.com/rup_khn/status/1061781993724219392,,,,,,,,,
1,যাক আজকের ভাইফোঁটা দিয়ে এবারের মতো কনট্রোভার্সিয়াল উৎসব সিজন সমাপ্ত হলো। প্রতিবারের মতো এবারও এই উৎসব সিজনে যত না বাজি ফাটলো তারচেয়ের বেশি মনে হয় ফেসবুকের সেকু মাকু কমুনিস্ট ফেমিনিস্ট পরিবেশবিদ অর্থনীতিবিদ... https://www. facebook.com/74381991563180 0/posts/2814954795184958/ …,,,1.06075030728466E+018,https://twitter.com/paasbalish/status/1060750307284656130,,,,,,,,,
1,"আমি অনেকের সঙ্গেই কথা বলেছি। মুসলিম,হিন্দু, সেকু, মাকু , চাড্ডি, টিনু। সবাই এক কথাই বলছে। রাম মন্দির টা যত তাড়াতাড়ি হয়ে যায় তত ভাল। সমস্যা হল রাম মন্দিরটা হয়ে গেলে প্রতি বছর ভোটের আগে এই চুলকানিগুলো তখন আর কেউ... https://www. facebook.com/EtoChudurbudur Keno/posts/1348879838582742 …",,,1.05894551690881E+018,https://twitter.com/ECbKOFFICIAL/status/1058945516908806144,,,,,,,,,
1,"ধর্মনিরপেক্ষ নয়, হিন্দুরাষ্ট্রের দাবিতে সরব নেপালের মুসলিমরা !!! #সেকু_ মাকু _কাটাপ্রেমী দের জন্য #Burnol ফ্রী তে দিচ্ছি !! http:// zeenews.india.com/bengali/photos /nepal-muslims-demand-hindu-rasthra-226001 …",,#স #Burnol,1.05861763201289E+018,https://twitter.com/genuine_hindu/status/1058617632012886018,,,,,,,,,
1,"দেখুন মুর্তি বানানো নিয়ে আমার ছুতমার্গ নেই, কিন্তু যে সব মাকু /মাকুনি বলছে কি হবে এসব বানিয়ে তাদের বলি, দুদিক থেকে দেখুন, দুরকম শিল্প নজর আসবে।",,,1.05793067499957E+018,https://twitter.com/paulsajal/status/1057930674999574528,,,,,,,,,
1,মাকু কঙ্গুরা জোড়া ধাক্কা খেলো আজ - #সিবিআই ও #আরবান_লকশাল ইস্যু তে আদালত সমর্থন করলো মোদী সরকার কে,,#স #আরব,1.05585372348909E+018,https://twitter.com/milanmondal7/status/1055853723489091585,,,,,,,,,
1,"আজ থেকে মাকু , সেকু, চাড্ডি, সরাকারি হারামখুর, সব্বার অফিস খুলে যাচ্ছে। ফেসবুক আবার শান্ত হবে",,,1.05569126149413E+018,https://twitter.com/AnindyaBiswas4/status/1055691261494132736,,,,,,,,,
1,"চীনা মিডিয়াকে অসংখ্য ধন্যবাদ করণ আজ আপনারাই "" মাকু -সেকুর"" মুখে চুনকালি মাখামাখি করে দিয়েছেন , ওদের বুঝিয়ে দিয়েছেন হিন্দুত্ববাদ আতঙ্কবাদ না",,,1.05506717379673E+018,https://twitter.com/Barunsengupta4/status/1055067173796728833,,,,,,,,,
1,"বাংলার যুবরাজ অভিষেক বন্দ্যোপাধ্যায় দিচ্ছে ডাক ছদ্মবেশী সিপিএম আর পদ্মবেশী বিজেপি মাকু , ফেক ফেকু নিপাত যাক। https://www. facebook.com/33824306951981 9/posts/2159572610720180/ …",,,1.05444536857281E+018,https://twitter.com/TMC_Supporters/status/1054445368572809218,,,,,,,,,
1,"আমাদের এই দুর্ভাগ্য, সেকো মাকু TMC CPM Cong minorities দুর্বৃত্ত দেশদ্রোহীরা বিজেপির ভাল কাজ কুনজরে দেখে।",,,1.05321410023319E+018,https://twitter.com/DharGouranga/status/1053214100233191424,,,,,,,,,
1,--দেবযানী ভট্টাচার্য কৃষ্ণজন্মাষ্টমী নিয়ে একটা সিউডোফেমিনিজম্ গ্যাদগ্যাদে মাকুমার্কা কাহিনী বাজারে ঘোরে। এমনকি মেয়েগুলোও তার শিকার। মাকু -প্রীতিময়ী ললনাবৃন্দ বোকার মত সেই প্রাচীন ভারতীয় সমৃদ্ধ সংস্কৃতির বিরুদ্ধে... https://www. facebook.com/10000113645056 9/posts/1891501597564370/ …,,,1.05318600204562E+018,https://twitter.com/santanuglobsyn/status/1053186002045624321username,date,retweets,favorites,text,geo,mentions,hashtags,id,permalink
1,"চাই বিয়াল্লিশে বিয়াল্লিশ, মাকু ফেকু হোক ফিনিশ । @MamataOfficial @abhishekaitc pic.twitter.com/5xilymr9ul",@MamataOfficial @abhishekaitc,,1.05245781382022E+018,https://twitter.com/70chatterjee/status/1052457813820215299,,,,,,,,,
1,তিতলির তান্ডব থেকে মানুষকে বাঁচাতে আরএসএস যখন মাঠে। মানুষের থেকে বেঁচে তিতলির সাথে সেকু মাকু সব তখন খাটে।,,,1.05081188874377E+018,https://twitter.com/ranajit_das365/status/1050811888743768064,,,,,,,,,
1,"তিতলি তান্ডবে বিপযস্ত ওড়িষাকে উদ্ধার করতে এলো Rss জঙ্গিরা কিন্তু সেকু, মাকু তৃন ধর্মনিরপেক্ষদের দেখা গেল না। pic.twitter.com/SxUzGxc6Op",,,1.05074931458513E+018,https://twitter.com/DudhkumarGhosh/status/1050749314585133057,,,,,,,,,
1,গরুখোর মাকু থেকে মূলো হওয়া বুদ্ধিজীবি গুলো #পিসি র মতোই কবিতা লেখে pic.twitter.com/u8Vvm3Ft4l,,#প,1.04996242656363E+018,https://twitter.com/Bunibroto/status/1049962426563624961,,,,,,,,,
1,"সেকু, মাকু হিন্দুগন সম্রাট বাবরের নাম অত্যন্ত শ্রদ্ধার সাথে উচ্চারণ করেন। আর ফতেপুর সিক্রি আক্রমন সম্পর্কে এই বাবরই তার আত্মজীবনী তে লিখেছেন, ""হিন্দুদেরকে পরাজিত করার পর আমরা তাদের পশ্চাদ্ধাবন করলাম এবং... https://www. facebook.com/65468443791247 4/posts/1879005318813707/ …",,,1.04961401945007E+018,https://twitter.com/AnupamBhattac11/status/1049614019450073089,,,,,,,,,
1,"সেকু, মাকু হিন্দুগন সম্রাট বাবরের নাম অত্যন্ত শ্রদ্ধার সাথে উচ্চারণ করেন। আর ফতেপুর সিক্রি আক্রমন সম্পর্কে এই বাবরই তার আত্মজীবনী তে লিখেছেন, ""হিন্দুদেরকে পরাজিত করার পর আমরা তাদের পশ্চাদ্ধাবন করলাম এবং... https://www. facebook.com/10000619866455 8/posts/2162588433957758/ …",,,1.04961382505668E+018,https://twitter.com/AnupamBhattac11/status/1049613825056677888,,,,,,,,,
0,চর্বি আলা মাকু খা,,,1.04898755526426E+018,https://twitter.com/polash_zoardder/status/1048987555264262144,,,,,,,,,
1,এইসব হুঙ্কার গুলো মাকু রা শুনতে পাচ্ছে কি?,,,1.04735277249507E+018,https://twitter.com/anup071254/status/1047352772495069184,,,,,,,,,
1,সুপ্রিম কোর্টের রায় পরকীয়া কিন্তু কোনো অপরাধ নয়!!!! কি সুন্দর সমাপতন!!! বাংলার মাকু নেতার কাণ্ড দেখুন::: কৌস্তভ চট্টোপাধ্যায়। একসময় বেহালা পশ্চিমে বাম প্রার্থী ছিলেন। সিপিএমের নাকি কিসব সম্পাদক মন্ডলীর সদস্য।... https://www. facebook.com/FAM4TMC/videos /330379447698960/ …,,,1.04565959698203E+018,https://twitter.com/FAM4TMC/status/1045659596982034433,,,,,,,,,
1,একই তিনটি ফল মাকু ফেকু আর মাকাল ফল pic.twitter.com/5dqgqPe3dQ,,,1.045494466017E+018,https://twitter.com/Debashi45308321/status/1045494466016997376,,,,,,,,,
1,ছিঃ ছিপি এম। মাকু আর ফেকু যে এক এর থেকেই প্রমানিত!! @Sujan_Speak ছিঃ!! @MamataOfficial @abhishekaitc @derekobrienmp @ColDiptangshu @kakoligdastidar @suparnomoitra @RitabrataBanerj @AITCofficial @TMC_Supporters pic.twitter.com/MTqM13vpNV,@Sujan_Speak @MamataOfficial @abhishekaitc @derekobrienmp @ColDiptangshu @kakoligdastidar @suparnomoitra @RitabrataBanerj @AITCofficial @TMC_Supporters,,1.04524818963955E+018,https://twitter.com/somnathduttakol/status/1045248189639548928,,,,,,,,,
1,কোথায় গেল হিন্দুবাদ! !!! মাকু ফেকু সঙ্গে থাক।। কোথায় গেল ভাটের বাত! !! @parthagee @ShubhamTrinamul @hellorabiul @70chatterjee @SAILENTMCB @BanglaPokkho @ColDiptangshu @SatabdiBhatta13 @FRMullick1 @mcavoyed2 @abhishekaitc @MamataOfficial @KOLLEO @m_papiya @sumande33881053 pic.twitter.com/sZbpPMGpBP,@parthagee @ShubhamTrinamul @hellorabiul @70chatterjee @SAILENTMCB @BanglaPokkho @ColDiptangshu @SatabdiBhatta13 @FRMullick1 @mcavoyed2 @abhishekaitc @MamataOfficial @KOLLEO @m_papiya @sumande33881053,,1.04459228023604E+018,https://twitter.com/SankhaGhosh19/status/1044592280236044291,,,,,,,,,
1,বিজেপির এই নাটক বন্ধ হোক। শান্ত গ্রাম শান্ত থাক। মাকু -বিজেপির অশুভ আঁতাত ধংস হোক।,,,1.04391143236493E+018,https://twitter.com/anup071254/status/1043911432364933121,,,,,,,,,
1,. বাজারে দেখিলে 'বাবা' ঘাড়ে যেন পড়ে থাবা। ফেমিলির বাবা কাকু নাই হল সেকু- মাকু ।,,,1.04211520937523E+018,https://twitter.com/ceedotpee/status/1042115209375227905,,,,,,,,,
0,"আমার ছোট জেঠা মাকু মিঞা। আব্বার ৪ ভাই ও ৩ বোন এর মধ্যে একমাত্র জীবিত আছে আমার ছোট জেঠা অসুস্থতা নিয়ে। সবার নিকট জেঠার সুস্থতার জন্য দোয়ার দরখাস্থ করছি। হে আল্লাহ, আমার জেঠাকে সুস্থতার… https://www. instagram.com/p/Bnxtq-mHCM0/ ?utm_source=ig_twitter_share&igshid=wzg7utgghu1j …",,,1.04121071766231E+018,https://twitter.com/Nomanul_Ahasan/status/1041210717662310400,,,,,,,,,
1,"এইরকম বহু মাকু আছে , শুধু ধরা পড়ে না, চোর গুলো !! https://www. facebook.com/10000277868042 5/posts/1382321775203765/ …",,,1.04058112708855E+018,https://twitter.com/SoumenGhorai4/status/1040581127088553984,,,,,,,,,
1,"আর বেশি দেরি নেই এবার ধীরে ধীরে , মাকু -সেকুরাও বিজেপির পতাকা তুলে বলবে মোদী জি জিন্দাবাদ , বিজেপি জিন্দাবাদ জয় শ্রী রাম",,,1.04054462397265E+018,https://twitter.com/Barunsengupta4/status/1040544623972646913,,,,,,,,,
1,"#Kerala_Nun_Raped রামরহিমের বিরুদ্ধে যেসব সেকু- মাকু ""নারী উদ্ধারক""রা গলা ফাটিয়ে ছিলেন, কেরালার চার্চ #বিশপের বিরুদ্ধে #রেপের মামলায় তারা কি মুখে #কলা ঢুকিয়ে বসে আছেন?",,#Kerala_Nun_Raped #ব #র #কল,1.04022968900707E+018,https://twitter.com/BabiSpeaks/status/1040229689007071232,,,,,,,,,
1,"সেকু, মাকু ও পাকিস্তানপন্থী মোল্লারা চোখ খুলে খবরটি পড়ুন. @ujjwalpareek @BJP4Bengal @KNSD10 @sanjoyarisngsun @jonysaha9 @NabarunChakra19 @Sumanbi42595988 @PrasunNaskar8 বিশ্বের শক্তিশালী দেশের তালিকা প্রকাশিত হলো।ভারতের স্থান দেখলে ভয় পাবে পাকিস্থান। https:// bangla.indiarag.com/2018/08/28/mos t-powerful-militaries-in-the-world/ …",@ujjwalpareek @BJP4Bengal @KNSD10 @sanjoyarisngsun @jonysaha9 @NabarunChakra19 @Sumanbi42595988 @PrasunNaskar8,,1.03439745975202E+018,https://twitter.com/TANMOY110NDDN_W/status/1034397459752017920,,,,,,,,,
1,পঞ্চায়েত তো পুরো রামধনু। মাও মাকু চাড্ডি তিনু কানু সব মিলেমিশে একাকার। — feeling crazy,,,1.0341276645489E+018,https://twitter.com/ashinfonet/status/1034127664548900866,,,,,,,,,
1,"প্রচলিত শব্দগুলি বেশ মজাদার। তিনু, সেকু, মাকু , ছাগলের তিন নম্বর, চাড্ডি, ফেকু, জুমলা, পকোড়া.... আর কি কি আছে?",,,1.03375815665933E+018,https://twitter.com/FilmmakerSANJIB/status/1033758156659326976,,,,,,,,,
1,"বলো হরি বোল হরি বোল, বলো হরি বোল। ফেঁসে গেলো ফেঁসে গেলো, বিরোধীদের ঢোল। কই মাকু , ফেকু রা কোথায় গেলি? সব জলে চলে গেলো তো? @MamataOfficial @abhishekaitc @derekobrienmp @ColDiptangshu @AITCofficial @TMC_Supporters @RitabrataBanerj pic.twitter.com/drgDfiNHdm pic.twitter.com/NoAYjaLFxp",@MamataOfficial @abhishekaitc @derekobrienmp @ColDiptangshu @AITCofficial @TMC_Supporters @RitabrataBanerj,,1.03321676330598E+018,https://twitter.com/Dipaksi95024571/status/1033216763305984001,,,,,,,,,
1,মাকু ফেকুদের নৈতিক (পরা)জয়,,,1.03303191475866E+018,https://twitter.com/Abhijit38305132/status/1033031914758660096,,,,,,,,,
0,"বলো হরি বোল হরি বোল, বলো হরি বোল। ফেঁসে গেলো ফেঁসে গেলো, বিরোধীদের ঢোল। কই মাকু , ফেকু রা কোথায় গেলি? সব জলে চলে গেলো তো? @MamataOfficial @abhishekaitc @derekobrienmp @ColDiptangshu @AITCofficial @TMC_Supporters @RitabrataBanerj pic.twitter.com/CP5HeEPm51",@MamataOfficial @abhishekaitc @derekobrienmp @ColDiptangshu @AITCofficial @TMC_Supporters @RitabrataBanerj,,1.03288976046374E+018,https://twitter.com/somnathduttakol/status/1032889760463736832,,,,,,,,,
1,"বলো হরি বোল হরি বোল, বলো হরি বোল। ফেঁসে গেলো ফেঁসে গেলো, বিরোধীদের ঢোল। কই মাকু , ফেকু রা কোথায় গেলি? সব জলে চলে গেলো তো? @MamataOfficial @abhishekaitc @derekobrienmp @ColDiptangshu @TMC_Supporters @hellorabiul @AITCofficial @somnathduttakol @manasmodak01 pic.twitter.com/ZwDgeeHQDI",@MamataOfficial @abhishekaitc @derekobrienmp @ColDiptangshu @TMC_Supporters @hellorabiul @AITCofficial @somnathduttakol @manasmodak01,,1.03287391264259E+018,https://twitter.com/JYOTIPRAKASLOVE/status/1032873912642592768,,,,,,,,,
1,লাল সবুজ ঝান্ডাধারি কৌটো নাড়া ভিক্ষারির বাচচারা চিরকাল বাঙ্গালীকে ভিক্ষাবৃত্তি শিখিয়ে গেছে ! সাবলম্বী হতে শিক্ষা দেয় নি ! সেইসব মাকু গুলোই এখনও বিদেশী সাহায্যের আশায় চেয়ে থাকে ! আর সেই সুযোগে নিজেদের আখের গুছিয়ে নেয় ॥,,,1.03255850082257E+018,https://twitter.com/sujitbabusona01/status/1032558500822568960,,,,,,,,,
0,#মাকু _শ্রমিক_দিবস_পালনকারীরা_আজ_কোথায় ? ৩-৪ মাসের পেমেন্ট বাকি। আর্টিস্টরা কাজের সময় কমিয়ে দিনে ১৬ ঘন্টা কাজ করবে ৭ ঘন্টা বিশ্রাম -এইটুকু চায়। তবুও প্রযোজক ফোরামের মন গলে না। বিনা পয়সায় ২৪ ঘন্টাই কি কাজ চায়?... https://www. facebook.com/10000303138409 2/posts/1635236153254082/ …,,#ম,1.03196176664801E+018,https://twitter.com/TanmoyKantiPaul/status/1031961766648012800,,,,,,,,,
1,বন্যায় বিপর্যস্ত কেরলকে বাঁচাতে ৫০০ কোটি টাকা অনুদান মোদী সরকারের! আর তৃণ- মাকু -নেড়্যারা প্রচার করে বেড়াচ্ছে ১০০ কোটি!,,,1.03077589178853E+018,https://twitter.com/milanmondal7/status/1030775891788529665,,,,,,,,,
1,"প্রাক্তন প্রধানমন্ত্রীর প্রয়ানেও যে সকল মাকু নোংরা কমেন্ট করেছে, ওয়েট.... তোদের পলিটবাঁ$% মালগুলো সব ৭০ এর ওপর... মরতে দে তারপর পরিবার সমেত লুডো খেলব সবার সাথে",,,1.03032317164648E+018,https://twitter.com/paulsajal/status/1030323171646480384,,,,,,,,,
0,"ইগু বেবুতা, পুড়ামুখায় ভটর নাম ডুবাইলো...খালি ইগু নায়, আরো কতটি মাকু ভট আছইন। হক্কল টি রে চুথরা পাতা আর হুরইন দিয়া বাইড়ানি দরকার।",,,1.03032126807839E+018,https://twitter.com/SNKBHAT/status/1030321268078387200,,,,,,,,,
0,"Today is the death anniversary of the Shahid Khudiram Bose. As a Bengali, I feel a sense of pride that brave men like him symbolized the Bengali ethnicity, unlike the pseudo secular communists of today! দিদির পা চাটা আর মাকু বাঙালি রা আজ তাকে ভুলে গেছেন। কিন্তু আমরা ভুলিনি। pic.twitter.com/nlAfHZxyBi",,,1.02828969705805E+018,https://twitter.com/IamSourav_b/status/1028289697058045952,,,,,,,,,
1,"অনেকেই মনে করেন যে, কোরআনের মাদানি সূরা সমূহ পড়লে ইসলামের স্বরূপ জানা যায় (যদিও সেকু, মাকু হিন্দুরা কোরআন পড়ে না, ওদের নাকি সব কিছু জানাই থাকে)। যাইহোক, আগ্রহী পাঠকদের বলছি যে, কোরআনের পাশাপাশি কিছু হাদিস পড়লে... https://www. facebook.com/10000619866455 8/posts/2107702752779660/ …",,,1.02580840196675E+018,https://twitter.com/AnupamBhattac11/status/1025808401966747648,,,,,,,,,
1,হাসিনা সরকারের সুকঠিন দেশ পরিচালনায় সকল জংগি পালিয় আজ মমতার কোলে উঠে নাচছে।সাথে রোহিংগাও নিয়ে এসেছে ভোটার বানাতে।হায়রে সেকু/ মাকু !!,,,1.02451592754992E+018,https://twitter.com/unchatergee1/status/1024515927549915136,,,,,,,,,
1,#রাতেরখিল্লি মাকু - আসাম থেকে তোরা চল্লিশ লাখ বাঙালিকে দেশহীন করে দিলি? চাড্ডী - ওরা অবৈধ অনুপ্রবেশকারী। মাকু - তাতে কি হয়েছে। পেটের খিদের জ্বালা মানুষকে দেশ কালের সীমানা ভোলাতে বাধ্য করেছে। চাড্ডী - তা ওদের... https://www. facebook.com/10000185130704 1/posts/2132322663506090/ …,,#র,1.02385938176558E+018,https://twitter.com/SUPRAVAT_WBBJP/status/1023859381765582849,,,,,,,,,
0,"কে টাকা মেরেছে সেটা জনগন জানে। ২ লক্ষ ৩ হাজার কোটি টাকা দেনা কারা করে গেছে? তখনকার ইনফাস্ট্রাকচার কি ছিল? ছাত্রদের দাবি কর্তৃপক্ষের কাছে ছিল। এখানে সরকার কি করবে? মনে নেই যাদবপুরে অনশনের সময় সরকার ঢুকেছিল বলে মাও, মাকু গুলো বলেছিল স্বশাসিত কলেজে সরকার কি জন্য হস্তক্ষেপ করছে?",,,1.02165690473122E+018,https://twitter.com/JYOTIPRAKASLOVE/status/1021656904731222016,,,,,,,,,
1,"কিছু চাড্ডি ও মাকু দিদির ভুল ধরার বাসনায় , 21শে জুলাই দিদির ভাষণের একটা অংশ তুলে ধরে বলছে যে - "" ভগবান শ্রীবিষ্ণু যে পুংলিঙ্গ নয় , স্ত্রীলিঙ্গ সেটা দিদির সৌজন্যে জেনে গেলাম... "" ইত্যাদি. সেই হিন্দু দেবদেবী... https://www. facebook.com/tmcs.official/ videos/2023136517697124/ …",,,1.02148767716472E+018,https://twitter.com/TMC_Supporters/status/1021487677164716033,,,,,,,,,
1,"মেডিকেলে 3 রকম হোস্টেল আছে 1,কালো জিরা মেডিক্যাল স্টুডেন্ট( আল আমিন) 2, মাকু মেডিক্যাল স্টুডেন্ট ( ধর্মল্যা---------তা) 3।সর্বধম্মের মেডিক্যাল স্টুডেন্ট। বিশেষ বিশেষ বিভাগে বিশেষ বিশেষ ব্যাবস্থা মনে হয়",,,1.02143918294063E+018,https://twitter.com/khachchorchaddi/status/1021439182940631040,,,,,,,,,
1,"মেডিক্যাল কলেজ আন্দোলন শেষে, মাকু ,তিনু,ছাগুদের যৌথ সিদ্ধান্ত - “চলো আবার আমরা একসাথে হয়ে ফ্যাক্ট ফাইন্ডিং করি”।",,,1.02137628658373E+018,https://twitter.com/abhbasak/status/1021376286583734273,,,,,,,,,
0,ধান্দাবাজ মাকু ন্যাতা pic.twitter.com/DKdanXLMrn,,,1.02132562440367E+018,https://twitter.com/TANMOY110NDDN_W/status/1021325624403668993,,,,,,,,,
1,"ত্রিপুরার আঁতেল সেকু মাকু বুদ্ধিজীবীদের প্রতি একটি প্রশ্ন:- আজ যে ধৈর্য্যের সাথে সুশান্ত চৌধুরীর হিন্দুদের প্রতি অত্যাচার চোখ বুঝে সহ্য করছেন, কাল এই বাংলাদেশী অনুপ্রবেশকারীদের দ্বারা আপনার মেয়ের ধর্ষণ একই... https://www. facebook.com/10000190094806 2/posts/2091857954220882/ …",,,1.02115342888466E+018,https://twitter.com/TheUltimateDD13/status/1021153428884664325,,,,,,,,,
0,সীতারাম ইয়চুরি দিদির হাত ধরে আবার মহাগঠবন্ধনের ডাক ও দেন! কতই রঙ দেখি দুনিয়ায়.. ও মাকু রে!!!,,,1.02059851636258E+018,https://twitter.com/AlphaMaximus9/status/1020598516362575872,,,,,,,,,
0,"""নাজমুন নাহার সোগাগী""--আপার মতন সফর করতে ভালবাসি কিন্তু মাকু নাই যে সফর করমু !! — feeling আপসোস",,,1.02049638206563E+018,https://twitter.com/Artistic_Apurba/status/1020496382065627136,,,,,,,,,
0,Utpal বাবু এই মাও চাক বা মাকু চাক ভাঙতে গিয়ে পার্থবাবু কেমন কামড় খেয়েছেন তা হয়ত আপনার অদৃশ্য নয়। #JU_LAL_SELAM,,#JU_LAL_SELAM,1.01978014146199E+018,https://twitter.com/iam_Bappaditya/status/1019780141461987328,,,,,,,,,
0,"ছি! ছি! ছি! এতবড় একটা ঘটনা অথচ কোনো প্রচার নেই। কোথায় সব সেকু, মাকু দের দল? কোথায় সুমন? কেউ তো চিৎকার করো। নাকি শুধু আমরাই চিৎকার করবো? https://www. anandabazar.com/state/spurned- lover-shot-girlfriend-infront-of-her-house-in-hoogly-dgtl-1.831318?utm_source=facebook&utm_medium=social&utm_campaign=daily …",,,1.01767887841486E+018,https://twitter.com/cyclon_tufan/status/1017678878414864385,,,,,,,,,
